id,key,nameEn,nameJp,createdAt,updatedAt,deletedAt,createdBy,updatedBy,deletedBy,inntoDataId
997,'IS','Iceland','アイスランド','2023-02-14 13:33:09.205560+09:00','2023-02-14 13:33:09.205560+09:00',None,None,None,None,1
998,'IE','Ireland','アイルランド','2023-02-14 13:33:09.205560+09:00','2023-02-14 13:33:09.205560+09:00',None,None,None,None,2
999,'AZ','Azerbaijan','アゼルバイジャン','2023-02-14 13:33:09.205560+09:00','2023-02-14 13:33:09.205560+09:00',None,None,None,None,3
1000,'AF','Afghanistan','アフガニスタン','2023-02-14 13:33:09.205560+09:00','2023-02-14 13:33:09.205560+09:00',None,None,None,None,4
1001,'US','United States','アメリカ合衆国','2023-02-14 13:33:09.205560+09:00','2023-02-14 13:33:09.205560+09:00',None,None,None,None,5
1002,'VI','Virgin Islands, U.S.','アメリカ領ヴァージン諸島','2023-02-14 13:33:09.205560+09:00','2023-02-14 13:33:09.205560+09:00',None,None,None,None,6
1003,'AS','American Samoa','アメリカ領サモア','2023-02-14 13:33:09.205560+09:00','2023-02-14 13:33:09.205560+09:00',None,None,None,None,7
1004,'AE','United Arab Emirates','アラブ首長国連邦','2023-02-14 13:33:09.205560+09:00','2023-02-14 13:33:09.205560+09:00',None,None,None,None,8
1005,'DZ','Algeria','アルジェリア','2023-02-14 13:33:09.205560+09:00','2023-02-14 13:33:09.205560+09:00',None,None,None,None,9
1006,'AR','Argentina','アルゼンチン','2023-02-14 13:33:09.205560+09:00','2023-02-14 13:33:09.205560+09:00',None,None,None,None,10
1007,'AW','Aruba','アルバ','2023-02-14 13:33:09.205560+09:00','2023-02-14 13:33:09.205560+09:00',None,None,None,None,11
1008,'AL','Albania','アルバニア','2023-02-14 13:33:09.205560+09:00','2023-02-14 13:33:09.205560+09:00',None,None,None,None,12
1009,'AM','Armenia','アルメニア','2023-02-14 13:33:09.205560+09:00','2023-02-14 13:33:09.205560+09:00',None,None,None,None,13
1010,'AI','Anguilla','アンギラ','2023-02-14 13:33:09.205560+09:00','2023-02-14 13:33:09.205560+09:00',None,None,None,None,14
1011,'AO','Angola','アンゴラ','2023-02-14 13:33:09.205560+09:00','2023-02-14 13:33:09.205560+09:00',None,None,None,None,15
1012,'AG','Antigua and Barbuda','アンティグア・バーブーダ','2023-02-14 13:33:09.205560+09:00','2023-02-14 13:33:09.205560+09:00',None,None,None,None,16
1013,'AD','Andorra','アンドラ','2023-02-14 13:33:09.205560+09:00','2023-02-14 13:33:09.205560+09:00',None,None,None,None,17
1014,'YE','Yemen','イエメン','2023-02-14 13:33:09.205560+09:00','2023-02-14 13:33:09.205560+09:00',None,None,None,None,18
1015,'GB','United Kingdom','イギリス','2023-02-14 13:33:09.205560+09:00','2023-02-14 13:33:09.205560+09:00',None,None,None,None,19
1016,'IO','British Indian Ocean Territory','イギリス領インド洋地域','2023-02-14 13:33:09.205560+09:00','2023-02-14 13:33:09.205560+09:00',None,None,None,None,20
1017,'VG','Virgin Islands, British','イギリス領ヴァージン諸島','2023-02-14 13:33:09.205560+09:00','2023-02-14 13:33:09.205560+09:00',None,None,None,None,21
1018,'IL','Israel','イスラエル','2023-02-14 13:33:09.205560+09:00','2023-02-14 13:33:09.205560+09:00',None,None,None,None,22
1019,'IT','Italy','イタリア','2023-02-14 13:33:09.205560+09:00','2023-02-14 13:33:09.205560+09:00',None,None,None,None,23
1020,'IQ','Iraq','イラク','2023-02-14 13:33:09.205560+09:00','2023-02-14 13:33:09.205560+09:00',None,None,None,None,24
1021,'IR','Iran, Islamic Republic of','イラン・イスラム共和国','2023-02-14 13:33:09.205560+09:00','2023-02-14 13:33:09.205560+09:00',None,None,None,None,25
1022,'IN','India','インド','2023-02-14 13:33:09.205560+09:00','2023-02-14 13:33:09.205560+09:00',None,None,None,None,26
1023,'ID','Indonesia','インドネシア','2023-02-14 13:33:09.205560+09:00','2023-02-14 13:33:09.205560+09:00',None,None,None,None,27
1024,'WF','Wallis and Futuna','ウォリス・フツナ','2023-02-14 13:33:09.205560+09:00','2023-02-14 13:33:09.205560+09:00',None,None,None,None,28
1025,'UG','Uganda','ウガンダ','2023-02-14 13:33:09.205560+09:00','2023-02-14 13:33:09.205560+09:00',None,None,None,None,29
1026,'UA','Ukraine','ウクライナ','2023-02-14 13:33:09.205560+09:00','2023-02-14 13:33:09.205560+09:00',None,None,None,None,30
1027,'UZ','Uzbekistan','ウズベキスタン','2023-02-14 13:33:09.205560+09:00','2023-02-14 13:33:09.205560+09:00',None,None,None,None,31
1028,'UY','Uruguay','ウルグアイ','2023-02-14 13:33:09.205560+09:00','2023-02-14 13:33:09.205560+09:00',None,None,None,None,32
1029,'EC','Ecuador','エクアドル','2023-02-14 13:33:09.205560+09:00','2023-02-14 13:33:09.205560+09:00',None,None,None,None,33
1030,'EG','Egypt','エジプト','2023-02-14 13:33:09.205560+09:00','2023-02-14 13:33:09.205560+09:00',None,None,None,None,34
1031,'EE','Estonia','エストニア','2023-02-14 13:33:09.205560+09:00','2023-02-14 13:33:09.205560+09:00',None,None,None,None,35
1032,'ET','Ethiopia','エチオピア','2023-02-14 13:33:09.205560+09:00','2023-02-14 13:33:09.205560+09:00',None,None,None,None,36
1033,'ER','Eritrea','エリトリア','2023-02-14 13:33:09.205560+09:00','2023-02-14 13:33:09.205560+09:00',None,None,None,None,37
1034,'SV','El Salvador','エルサルバドル','2023-02-14 13:33:09.205560+09:00','2023-02-14 13:33:09.205560+09:00',None,None,None,None,38
1035,'AU','Australia','オーストラリア','2023-02-14 13:33:09.205560+09:00','2023-02-14 13:33:09.205560+09:00',None,None,None,None,39
1036,'AT','Austria','オーストリア','2023-02-14 13:33:09.205560+09:00','2023-02-14 13:33:09.205560+09:00',None,None,None,None,40
1037,'AX','Åland Islands','オーランド諸島','2023-02-14 13:33:09.205560+09:00','2023-02-14 13:33:09.205560+09:00',None,None,None,None,41
1038,'OM','Oman','オマーン','2023-02-14 13:33:09.205560+09:00','2023-02-14 13:33:09.205560+09:00',None,None,None,None,42
1039,'NL','Netherlands','オランダ','2023-02-14 13:33:09.205560+09:00','2023-02-14 13:33:09.205560+09:00',None,None,None,None,43
1040,'GH','Ghana','ガーナ','2023-02-14 13:33:09.205560+09:00','2023-02-14 13:33:09.205560+09:00',None,None,None,None,44
1041,'CV','Cape Verde','カーボベルデ','2023-02-14 13:33:09.205560+09:00','2023-02-14 13:33:09.205560+09:00',None,None,None,None,45
1042,'GG','Guernsey','ガーンジー','2023-02-14 13:33:09.205560+09:00','2023-02-14 13:33:09.205560+09:00',None,None,None,None,46
1043,'GY','Guyana','ガイアナ','2023-02-14 13:33:09.205560+09:00','2023-02-14 13:33:09.205560+09:00',None,None,None,None,47
1044,'KZ','Kazakhstan','カザフスタン','2023-02-14 13:33:09.205560+09:00','2023-02-14 13:33:09.205560+09:00',None,None,None,None,48
1045,'QA','Qatar','カタール','2023-02-14 13:33:09.205560+09:00','2023-02-14 13:33:09.205560+09:00',None,None,None,None,49
1046,'UM','United States Minor Outlying Islands','合衆国領有小離島','2023-02-14 13:33:09.205560+09:00','2023-02-14 13:33:09.205560+09:00',None,None,None,None,50
1047,'CA','Canada','カナダ','2023-02-14 13:33:09.205560+09:00','2023-02-14 13:33:09.205560+09:00',None,None,None,None,51
1048,'GA','Gabon','ガボン','2023-02-14 13:33:09.205560+09:00','2023-02-14 13:33:09.205560+09:00',None,None,None,None,52
1049,'CM','Cameroon','カメルーン','2023-02-14 13:33:09.205560+09:00','2023-02-14 13:33:09.205560+09:00',None,None,None,None,53
1050,'GM','Gambia','ガンビア','2023-02-14 13:33:09.205560+09:00','2023-02-14 13:33:09.205560+09:00',None,None,None,None,54
1051,'KH','Cambodia','カンボジア','2023-02-14 13:33:09.205560+09:00','2023-02-14 13:33:09.205560+09:00',None,None,None,None,55
1052,'MP','Northern Mariana Islands','北マリアナ諸島','2023-02-14 13:33:09.205560+09:00','2023-02-14 13:33:09.205560+09:00',None,None,None,None,56
1053,'GN','Guinea','ギニア','2023-02-14 13:33:09.205560+09:00','2023-02-14 13:33:09.205560+09:00',None,None,None,None,57
1054,'GW','Guinea-Bissau','ギニアビサウ','2023-02-14 13:33:09.205560+09:00','2023-02-14 13:33:09.205560+09:00',None,None,None,None,58
1055,'CY','Cyprus','キプロス','2023-02-14 13:33:09.205560+09:00','2023-02-14 13:33:09.205560+09:00',None,None,None,None,59
1056,'CU','Cuba','キューバ','2023-02-14 13:33:09.205560+09:00','2023-02-14 13:33:09.205560+09:00',None,None,None,None,60
1057,'CW','Curaçao','キュラソー','2023-02-14 13:33:09.205560+09:00','2023-02-14 13:33:09.205560+09:00',None,None,None,None,61
1058,'GR','Greece','ギリシャ','2023-02-14 13:33:09.205560+09:00','2023-02-14 13:33:09.205560+09:00',None,None,None,None,62
1059,'KI','Kiribati','キリバス','2023-02-14 13:33:09.205560+09:00','2023-02-14 13:33:09.205560+09:00',None,None,None,None,63
1060,'KG','Kyrgyzstan','キルギス','2023-02-14 13:33:09.205560+09:00','2023-02-14 13:33:09.205560+09:00',None,None,None,None,64
1061,'GT','Guatemala','グアテマラ','2023-02-14 13:33:09.205560+09:00','2023-02-14 13:33:09.205560+09:00',None,None,None,None,65
1062,'GP','Guadeloupe','グアドループ','2023-02-14 13:33:09.205560+09:00','2023-02-14 13:33:09.205560+09:00',None,None,None,None,66
1063,'GU','Guam','グアム','2023-02-14 13:33:09.205560+09:00','2023-02-14 13:33:09.205560+09:00',None,None,None,None,67
1064,'KW','Kuwait','クウェート','2023-02-14 13:33:09.205560+09:00','2023-02-14 13:33:09.205560+09:00',None,None,None,None,68
1065,'CK','Cook Islands','クック諸島','2023-02-14 13:33:09.205560+09:00','2023-02-14 13:33:09.205560+09:00',None,None,None,None,69
1066,'GL','Greenland','グリーンランド','2023-02-14 13:33:09.205560+09:00','2023-02-14 13:33:09.205560+09:00',None,None,None,None,70
1067,'CX','Christmas Island','クリスマス島','2023-02-14 13:33:09.205560+09:00','2023-02-14 13:33:09.205560+09:00',None,None,None,None,71
1068,'GD','Grenada','グレナダ','2023-02-14 13:33:09.205560+09:00','2023-02-14 13:33:09.205560+09:00',None,None,None,None,72
1069,'HR','Croatia','クロアチア','2023-02-14 13:33:09.205560+09:00','2023-02-14 13:33:09.205560+09:00',None,None,None,None,73
1070,'KY','Cayman Islands','ケイマン諸島','2023-02-14 13:33:09.205560+09:00','2023-02-14 13:33:09.205560+09:00',None,None,None,None,74
1071,'KE','Kenya','ケニア','2023-02-14 13:33:09.205560+09:00','2023-02-14 13:33:09.205560+09:00',None,None,None,None,75
1072,'CI','Côte d'Ivoire','コートジボワール','2023-02-14 13:33:09.205560+09:00','2023-02-14 13:33:09.205560+09:00',None,None,None,None,76
1073,'CC','Cocos (Keeling) Islands','ココス（キーリング）諸島','2023-02-14 13:33:09.205560+09:00','2023-02-14 13:33:09.205560+09:00',None,None,None,None,77
1074,'CR','Costa Rica','コスタリカ','2023-02-14 13:33:09.205560+09:00','2023-02-14 13:33:09.205560+09:00',None,None,None,None,78
1075,'KM','Comoros','コモロ','2023-02-14 13:33:09.205560+09:00','2023-02-14 13:33:09.205560+09:00',None,None,None,None,79
1076,'CO','Colombia','コロンビア','2023-02-14 13:33:09.205560+09:00','2023-02-14 13:33:09.205560+09:00',None,None,None,None,80
1077,'CG','Congo','コンゴ共和国','2023-02-14 13:33:09.205560+09:00','2023-02-14 13:33:09.205560+09:00',None,None,None,None,81
1078,'CD','Congo, the Democratic Republic of the','コンゴ民主共和国','2023-02-14 13:33:09.205560+09:00','2023-02-14 13:33:09.205560+09:00',None,None,None,None,82
1079,'SA','Saudi Arabia','サウジアラビア','2023-02-14 13:33:09.205560+09:00','2023-02-14 13:33:09.205560+09:00',None,None,None,None,83
1080,'GS','South Georgia and the South Sandwich Islands','サウスジョージア・サウスサンドウィッチ諸島','2023-02-14 13:33:09.205560+09:00','2023-02-14 13:33:09.205560+09:00',None,None,None,None,84
1081,'WS','Samoa','サモア','2023-02-14 13:33:09.205560+09:00','2023-02-14 13:33:09.205560+09:00',None,None,None,None,85
1082,'ST','Sao Tome and Principe','サントメ・プリンシペ','2023-02-14 13:33:09.205560+09:00','2023-02-14 13:33:09.205560+09:00',None,None,None,None,86
1083,'BL','Saint Barthélemy','サン・バルテルミー','2023-02-14 13:33:09.205560+09:00','2023-02-14 13:33:09.205560+09:00',None,None,None,None,87
1084,'ZM','Zambia','ザンビア','2023-02-14 13:33:09.205560+09:00','2023-02-14 13:33:09.205560+09:00',None,None,None,None,88
1085,'PM','Saint Pierre and Miquelon','サンピエール島・ミクロン島','2023-02-14 13:33:09.205560+09:00','2023-02-14 13:33:09.205560+09:00',None,None,None,None,89
1086,'SM','San Marino','サンマリノ','2023-02-14 13:33:09.205560+09:00','2023-02-14 13:33:09.205560+09:00',None,None,None,None,90
1087,'MF','Saint Martin (French part)','サン・マルタン（フランス領）','2023-02-14 13:33:09.205560+09:00','2023-02-14 13:33:09.205560+09:00',None,None,None,None,91
1088,'SL','Sierra Leone','シエラレオネ','2023-02-14 13:33:09.205560+09:00','2023-02-14 13:33:09.205560+09:00',None,None,None,None,92
1089,'DJ','Djibouti','ジブチ','2023-02-14 13:33:09.205560+09:00','2023-02-14 13:33:09.205560+09:00',None,None,None,None,93
1090,'GI','Gibraltar','ジブラルタル','2023-02-14 13:33:09.205560+09:00','2023-02-14 13:33:09.205560+09:00',None,None,None,None,94
1091,'JE','Jersey','ジャージー','2023-02-14 13:33:09.205560+09:00','2023-02-14 13:33:09.205560+09:00',None,None,None,None,95
1092,'JM','Jamaica','ジャマイカ','2023-02-14 13:33:09.205560+09:00','2023-02-14 13:33:09.205560+09:00',None,None,None,None,96
1093,'GE','Georgia','ジョージア','2023-02-14 13:33:09.205560+09:00','2023-02-14 13:33:09.205560+09:00',None,None,None,None,97
1094,'SY','Syrian Arab Republic','シリア・アラブ共和国','2023-02-14 13:33:09.205560+09:00','2023-02-14 13:33:09.205560+09:00',None,None,None,None,98
1095,'SG','Singapore','シンガポール','2023-02-14 13:33:09.205560+09:00','2023-02-14 13:33:09.205560+09:00',None,None,None,None,99
1096,'SX','Sint Maarten (Dutch part)','シント・マールテン（オランダ領）','2023-02-14 13:33:09.205560+09:00','2023-02-14 13:33:09.205560+09:00',None,None,None,None,100
1097,'ZW','Zimbabwe','ジンバブエ','2023-02-14 13:33:09.205560+09:00','2023-02-14 13:33:09.205560+09:00',None,None,None,None,101
1098,'CH','Switzerland','スイス','2023-02-14 13:33:09.205560+09:00','2023-02-14 13:33:09.205560+09:00',None,None,None,None,102
1099,'SE','Sweden','スウェーデン','2023-02-14 13:33:09.205560+09:00','2023-02-14 13:33:09.205560+09:00',None,None,None,None,103
1100,'SD','Sudan','スーダン','2023-02-14 13:33:09.205560+09:00','2023-02-14 13:33:09.205560+09:00',None,None,None,None,104
1101,'SJ','Svalbard and Jan Mayen','スヴァールバル諸島およびヤンマイエン島','2023-02-14 13:33:09.205560+09:00','2023-02-14 13:33:09.205560+09:00',None,None,None,None,105
1102,'ES','Spain','スペイン','2023-02-14 13:33:09.205560+09:00','2023-02-14 13:33:09.205560+09:00',None,None,None,None,106
1103,'SR','Suriname','スリナム','2023-02-14 13:33:09.205560+09:00','2023-02-14 13:33:09.205560+09:00',None,None,None,None,107
1104,'LK','Sri Lanka','スリランカ','2023-02-14 13:33:09.205560+09:00','2023-02-14 13:33:09.205560+09:00',None,None,None,None,108
1105,'SK','Slovakia','スロバキア','2023-02-14 13:33:09.205560+09:00','2023-02-14 13:33:09.205560+09:00',None,None,None,None,109
1106,'SI','Slovenia','スロベニア','2023-02-14 13:33:09.205560+09:00','2023-02-14 13:33:09.205560+09:00',None,None,None,None,110
1107,'SZ','Swaziland','スワジランド','2023-02-14 13:33:09.205560+09:00','2023-02-14 13:33:09.205560+09:00',None,None,None,None,111
1108,'SC','Seychelles','セーシェル','2023-02-14 13:33:09.205560+09:00','2023-02-14 13:33:09.205560+09:00',None,None,None,None,112
1109,'GQ','Equatorial Guinea','赤道ギニア','2023-02-14 13:33:09.205560+09:00','2023-02-14 13:33:09.205560+09:00',None,None,None,None,113
1110,'SN','Senegal','セネガル','2023-02-14 13:33:09.205560+09:00','2023-02-14 13:33:09.205560+09:00',None,None,None,None,114
1111,'RS','Serbia','セルビア','2023-02-14 13:33:09.205560+09:00','2023-02-14 13:33:09.205560+09:00',None,None,None,None,115
1112,'KN','Saint Kitts and Nevis','セントクリストファー・ネイビス','2023-02-14 13:33:09.205560+09:00','2023-02-14 13:33:09.205560+09:00',None,None,None,None,116
1113,'VC','Saint Vincent and the Grenadines','セントビンセントおよびグレナディーン諸島','2023-02-14 13:33:09.205560+09:00','2023-02-14 13:33:09.205560+09:00',None,None,None,None,117
1114,'SH','Saint Helena, Ascension and Tristan da Cunha','セントヘレナ・アセンションおよびトリスタンダクーニャ','2023-02-14 13:33:09.205560+09:00','2023-02-14 13:33:09.205560+09:00',None,None,None,None,118
1115,'LC','Saint Lucia','セントルシア','2023-02-14 13:33:09.205560+09:00','2023-02-14 13:33:09.205560+09:00',None,None,None,None,119
1116,'SO','Somalia','ソマリア','2023-02-14 13:33:09.205560+09:00','2023-02-14 13:33:09.205560+09:00',None,None,None,None,120
1117,'SB','Solomon Islands','ソロモン諸島','2023-02-14 13:33:09.205560+09:00','2023-02-14 13:33:09.205560+09:00',None,None,None,None,121
1118,'TC','Turks and Caicos Islands','タークス・カイコス諸島','2023-02-14 13:33:09.205560+09:00','2023-02-14 13:33:09.205560+09:00',None,None,None,None,122
1119,'TH','Thailand','タイ','2023-02-14 13:33:09.205560+09:00','2023-02-14 13:33:09.205560+09:00',None,None,None,None,123
1120,'KR','Korea, Republic of','大韓民国','2023-02-14 13:33:09.205560+09:00','2023-02-14 13:33:09.205560+09:00',None,None,None,None,124
1121,'TW','Taiwan, Province of China','台湾','2023-02-14 13:33:09.205560+09:00','2023-02-14 13:33:09.205560+09:00',None,None,None,None,125
1122,'TJ','Tajikistan','タジキスタン','2023-02-14 13:33:09.205560+09:00','2023-02-14 13:33:09.205560+09:00',None,None,None,None,126
1123,'TZ','Tanzania, United Republic of','タンザニア','2023-02-14 13:33:09.205560+09:00','2023-02-14 13:33:09.205560+09:00',None,None,None,None,127
1124,'CZ','Czechia','チェコ','2023-02-14 13:33:09.205560+09:00','2023-02-14 13:33:09.205560+09:00',None,None,None,None,128
1125,'TD','Chad','チャド','2023-02-14 13:33:09.205560+09:00','2023-02-14 13:33:09.205560+09:00',None,None,None,None,129
1126,'CF','Central African Republic','中央アフリカ共和国','2023-02-14 13:33:09.205560+09:00','2023-02-14 13:33:09.205560+09:00',None,None,None,None,130
1127,'CN','China','中華人民共和国','2023-02-14 13:33:09.205560+09:00','2023-02-14 13:33:09.205560+09:00',None,None,None,None,131
1128,'TN','Tunisia','チュニジア','2023-02-14 13:33:09.205560+09:00','2023-02-14 13:33:09.205560+09:00',None,None,None,None,132
1129,'KP','Korea, Democratic People's Republic of','朝鮮民主主義人民共和国','2023-02-14 13:33:09.205560+09:00','2023-02-14 13:33:09.205560+09:00',None,None,None,None,133
1130,'CL','Chile','チリ','2023-02-14 13:33:09.205560+09:00','2023-02-14 13:33:09.205560+09:00',None,None,None,None,134
1131,'TV','Tuvalu','ツバル','2023-02-14 13:33:09.205560+09:00','2023-02-14 13:33:09.205560+09:00',None,None,None,None,135
1132,'DK','Denmark','デンマーク','2023-02-14 13:33:09.205560+09:00','2023-02-14 13:33:09.205560+09:00',None,None,None,None,136
1133,'DE','Germany','ドイツ','2023-02-14 13:33:09.205560+09:00','2023-02-14 13:33:09.205560+09:00',None,None,None,None,137
1134,'TG','Togo','トーゴ','2023-02-14 13:33:09.205560+09:00','2023-02-14 13:33:09.205560+09:00',None,None,None,None,138
1135,'TK','Tokelau','トケラウ','2023-02-14 13:33:09.205560+09:00','2023-02-14 13:33:09.205560+09:00',None,None,None,None,139
1136,'DO','Dominican Republic','ドミニカ共和国','2023-02-14 13:33:09.205560+09:00','2023-02-14 13:33:09.205560+09:00',None,None,None,None,140
1137,'DM','Dominica','ドミニカ国','2023-02-14 13:33:09.205560+09:00','2023-02-14 13:33:09.205560+09:00',None,None,None,None,141
1138,'TT','Trinidad and Tobago','トリニダード・トバゴ','2023-02-14 13:33:09.205560+09:00','2023-02-14 13:33:09.205560+09:00',None,None,None,None,142
1139,'TM','Turkmenistan','トルクメニスタン','2023-02-14 13:33:09.205560+09:00','2023-02-14 13:33:09.205560+09:00',None,None,None,None,143
1140,'TR','Turkey','トルコ','2023-02-14 13:33:09.205560+09:00','2023-02-14 13:33:09.205560+09:00',None,None,None,None,144
1141,'TO','Tonga','トンガ','2023-02-14 13:33:09.205560+09:00','2023-02-14 13:33:09.205560+09:00',None,None,None,None,145
1142,'NG','Nigeria','ナイジェリア','2023-02-14 13:33:09.205560+09:00','2023-02-14 13:33:09.205560+09:00',None,None,None,None,146
1143,'NR','Nauru','ナウル','2023-02-14 13:33:09.205560+09:00','2023-02-14 13:33:09.205560+09:00',None,None,None,None,147
1144,'NA','Namibia','ナミビア','2023-02-14 13:33:09.205560+09:00','2023-02-14 13:33:09.205560+09:00',None,None,None,None,148
1145,'AQ','Antarctica','南極','2023-02-14 13:33:09.205560+09:00','2023-02-14 13:33:09.205560+09:00',None,None,None,None,149
1146,'NU','Niue','ニウエ','2023-02-14 13:33:09.205560+09:00','2023-02-14 13:33:09.205560+09:00',None,None,None,None,150
1147,'NI','Nicaragua','ニカラグア','2023-02-14 13:33:09.205560+09:00','2023-02-14 13:33:09.205560+09:00',None,None,None,None,151
1148,'NE','Niger','ニジェール','2023-02-14 13:33:09.205560+09:00','2023-02-14 13:33:09.205560+09:00',None,None,None,None,152
1149,'JP','Japan','日本','2023-02-14 13:33:09.205560+09:00','2023-02-14 13:33:09.205560+09:00',None,None,None,None,153
1150,'EH','Western Sahara','西サハラ','2023-02-14 13:33:09.205560+09:00','2023-02-14 13:33:09.205560+09:00',None,None,None,None,154
1151,'NC','New Caledonia','ニューカレドニア','2023-02-14 13:33:09.205560+09:00','2023-02-14 13:33:09.205560+09:00',None,None,None,None,155
1152,'NZ','New Zealand','ニュージーランド','2023-02-14 13:33:09.205560+09:00','2023-02-14 13:33:09.205560+09:00',None,None,None,None,156
1153,'NP','Nepal','ネパール','2023-02-14 13:33:09.205560+09:00','2023-02-14 13:33:09.205560+09:00',None,None,None,None,157
1154,'NF','Norfolk Island','ノーフォーク島','2023-02-14 13:33:09.205560+09:00','2023-02-14 13:33:09.205560+09:00',None,None,None,None,158
1155,'NO','Norway','ノルウェー','2023-02-14 13:33:09.205560+09:00','2023-02-14 13:33:09.205560+09:00',None,None,None,None,159
1156,'HM','Heard Island and McDonald Islands','ハード島とマクドナルド諸島','2023-02-14 13:33:09.205560+09:00','2023-02-14 13:33:09.205560+09:00',None,None,None,None,160
1157,'BH','Bahrain','バーレーン','2023-02-14 13:33:09.205560+09:00','2023-02-14 13:33:09.205560+09:00',None,None,None,None,161
1158,'HT','Haiti','ハイチ','2023-02-14 13:33:09.205560+09:00','2023-02-14 13:33:09.205560+09:00',None,None,None,None,162
1159,'PK','Pakistan','パキスタン','2023-02-14 13:33:09.205560+09:00','2023-02-14 13:33:09.205560+09:00',None,None,None,None,163
1160,'VA','Holy See (Vatican City State)','バチカン市国','2023-02-14 13:33:09.205560+09:00','2023-02-14 13:33:09.205560+09:00',None,None,None,None,164
1161,'PA','Panama','パナマ','2023-02-14 13:33:09.205560+09:00','2023-02-14 13:33:09.205560+09:00',None,None,None,None,165
1162,'VU','Vanuatu','バヌアツ','2023-02-14 13:33:09.205560+09:00','2023-02-14 13:33:09.205560+09:00',None,None,None,None,166
1163,'BS','Bahamas','バハマ','2023-02-14 13:33:09.205560+09:00','2023-02-14 13:33:09.205560+09:00',None,None,None,None,167
1164,'PG','Papua New Guinea','パプアニューギニア','2023-02-14 13:33:09.205560+09:00','2023-02-14 13:33:09.205560+09:00',None,None,None,None,168
1165,'BM','Bermuda','バミューダ','2023-02-14 13:33:09.205560+09:00','2023-02-14 13:33:09.205560+09:00',None,None,None,None,169
1166,'PW','Palau','パラオ','2023-02-14 13:33:09.205560+09:00','2023-02-14 13:33:09.205560+09:00',None,None,None,None,170
1167,'PY','Paraguay','パラグアイ','2023-02-14 13:33:09.205560+09:00','2023-02-14 13:33:09.205560+09:00',None,None,None,None,171
1168,'BB','Barbados','バルバドス','2023-02-14 13:33:09.205560+09:00','2023-02-14 13:33:09.205560+09:00',None,None,None,None,172
1169,'PS','Palestinian Territory, Occupied','パレスチナ','2023-02-14 13:33:09.205560+09:00','2023-02-14 13:33:09.205560+09:00',None,None,None,None,173
1170,'HU','Hungary','ハンガリー','2023-02-14 13:33:09.205560+09:00','2023-02-14 13:33:09.205560+09:00',None,None,None,None,174
1171,'BD','Bangladesh','バングラデシュ','2023-02-14 13:33:09.205560+09:00','2023-02-14 13:33:09.205560+09:00',None,None,None,None,175
1172,'TL','Timor-Leste','東ティモール','2023-02-14 13:33:09.205560+09:00','2023-02-14 13:33:09.205560+09:00',None,None,None,None,176
1173,'PN','Pitcairn','ピトケアン','2023-02-14 13:33:09.205560+09:00','2023-02-14 13:33:09.205560+09:00',None,None,None,None,177
1174,'FJ','Fiji','フィジー','2023-02-14 13:33:09.205560+09:00','2023-02-14 13:33:09.205560+09:00',None,None,None,None,178
1175,'PH','Philippines','フィリピン','2023-02-14 13:33:09.205560+09:00','2023-02-14 13:33:09.205560+09:00',None,None,None,None,179
1176,'FI','Finland','フィンランド','2023-02-14 13:33:09.205560+09:00','2023-02-14 13:33:09.205560+09:00',None,None,None,None,180
1177,'BT','Bhutan','ブータン','2023-02-14 13:33:09.205560+09:00','2023-02-14 13:33:09.205560+09:00',None,None,None,None,181
1178,'BV','Bouvet Island','ブーベ島','2023-02-14 13:33:09.205560+09:00','2023-02-14 13:33:09.205560+09:00',None,None,None,None,182
1179,'PR','Puerto Rico','プエルトリコ','2023-02-14 13:33:09.205560+09:00','2023-02-14 13:33:09.205560+09:00',None,None,None,None,183
1180,'FO','Faroe Islands','フェロー諸島','2023-02-14 13:33:09.205560+09:00','2023-02-14 13:33:09.205560+09:00',None,None,None,None,184
1181,'FK','Falkland Islands (Malvinas)','フォークランド（マルビナス）諸島','2023-02-14 13:33:09.205560+09:00','2023-02-14 13:33:09.205560+09:00',None,None,None,None,185
1182,'BR','Brazil','ブラジル','2023-02-14 13:33:09.205560+09:00','2023-02-14 13:33:09.205560+09:00',None,None,None,None,186
1183,'FR','France','フランス','2023-02-14 13:33:09.205560+09:00','2023-02-14 13:33:09.205560+09:00',None,None,None,None,187
1184,'GF','French Guiana','フランス領ギアナ','2023-02-14 13:33:09.205560+09:00','2023-02-14 13:33:09.205560+09:00',None,None,None,None,188
1185,'PF','French Polynesia','フランス領ポリネシア','2023-02-14 13:33:09.205560+09:00','2023-02-14 13:33:09.205560+09:00',None,None,None,None,189
1186,'TF','French Southern Territories','フランス領南方・南極地域','2023-02-14 13:33:09.205560+09:00','2023-02-14 13:33:09.205560+09:00',None,None,None,None,190
1187,'BG','Bulgaria','ブルガリア','2023-02-14 13:33:09.205560+09:00','2023-02-14 13:33:09.205560+09:00',None,None,None,None,191
1188,'BF','Burkina Faso','ブルキナファソ','2023-02-14 13:33:09.205560+09:00','2023-02-14 13:33:09.205560+09:00',None,None,None,None,192
1189,'BN','Brunei Darussalam','ブルネイ・ダルサラーム','2023-02-14 13:33:09.205560+09:00','2023-02-14 13:33:09.205560+09:00',None,None,None,None,193
1190,'BI','Burundi','ブルンジ','2023-02-14 13:33:09.205560+09:00','2023-02-14 13:33:09.205560+09:00',None,None,None,None,194
1191,'VN','Viet Nam','ベトナム','2023-02-14 13:33:09.205560+09:00','2023-02-14 13:33:09.205560+09:00',None,None,None,None,195
1192,'BJ','Benin','ベナン','2023-02-14 13:33:09.205560+09:00','2023-02-14 13:33:09.205560+09:00',None,None,None,None,196
1193,'VE','Venezuela, Bolivarian Republic of','ベネズエラ・ボリバル共和国','2023-02-14 13:33:09.205560+09:00','2023-02-14 13:33:09.205560+09:00',None,None,None,None,197
1194,'BY','Belarus','ベラルーシ','2023-02-14 13:33:09.205560+09:00','2023-02-14 13:33:09.205560+09:00',None,None,None,None,198
1195,'BZ','Belize','ベリーズ','2023-02-14 13:33:09.205560+09:00','2023-02-14 13:33:09.205560+09:00',None,None,None,None,199
1196,'PE','Peru','ペルー','2023-02-14 13:33:09.205560+09:00','2023-02-14 13:33:09.205560+09:00',None,None,None,None,200
1197,'BE','Belgium','ベルギー','2023-02-14 13:33:09.205560+09:00','2023-02-14 13:33:09.205560+09:00',None,None,None,None,201
1198,'PL','Poland','ポーランド','2023-02-14 13:33:09.205560+09:00','2023-02-14 13:33:09.205560+09:00',None,None,None,None,202
1199,'BA','Bosnia and Herzegovina','ボスニア・ヘルツェゴビナ','2023-02-14 13:33:09.205560+09:00','2023-02-14 13:33:09.205560+09:00',None,None,None,None,203
1200,'BW','Botswana','ボツワナ','2023-02-14 13:33:09.205560+09:00','2023-02-14 13:33:09.205560+09:00',None,None,None,None,204
1201,'BQ','Bonaire, Saint Eustatius and Saba','ボネール、シント・ユースタティウスおよびサバ','2023-02-14 13:33:09.205560+09:00','2023-02-14 13:33:09.205560+09:00',None,None,None,None,205
1202,'BO','Bolivia, Plurinational State of','ボリビア多民族国','2023-02-14 13:33:09.205560+09:00','2023-02-14 13:33:09.205560+09:00',None,None,None,None,206
1203,'PT','Portugal','ポルトガル','2023-02-14 13:33:09.205560+09:00','2023-02-14 13:33:09.205560+09:00',None,None,None,None,207
1204,'HK','Hong Kong','香港','2023-02-14 13:33:09.205560+09:00','2023-02-14 13:33:09.205560+09:00',None,None,None,None,208
1205,'HN','Honduras','ホンジュラス','2023-02-14 13:33:09.205560+09:00','2023-02-14 13:33:09.205560+09:00',None,None,None,None,209
1206,'MH','Marshall Islands','マーシャル諸島','2023-02-14 13:33:09.205560+09:00','2023-02-14 13:33:09.205560+09:00',None,None,None,None,210
1207,'MO','Macau','マカオ','2023-02-14 13:33:09.205560+09:00','2023-02-14 13:33:09.205560+09:00',None,None,None,None,211
1208,'MK','Macedonia, the former Yugoslav Republic of','マケドニア旧ユーゴスラビア共和国','2023-02-14 13:33:09.205560+09:00','2023-02-14 13:33:09.205560+09:00',None,None,None,None,212
1209,'MG','Madagascar','マダガスカル','2023-02-14 13:33:09.205560+09:00','2023-02-14 13:33:09.205560+09:00',None,None,None,None,213
1210,'YT','Mayotte','マヨット','2023-02-14 13:33:09.205560+09:00','2023-02-14 13:33:09.205560+09:00',None,None,None,None,214
1211,'MW','Malawi','マラウイ','2023-02-14 13:33:09.205560+09:00','2023-02-14 13:33:09.205560+09:00',None,None,None,None,215
1212,'ML','Mali','マリ','2023-02-14 13:33:09.205560+09:00','2023-02-14 13:33:09.205560+09:00',None,None,None,None,216
1213,'MT','Malta','マルタ','2023-02-14 13:33:09.205560+09:00','2023-02-14 13:33:09.205560+09:00',None,None,None,None,217
1214,'MQ','Martinique','マルティニーク','2023-02-14 13:33:09.205560+09:00','2023-02-14 13:33:09.205560+09:00',None,None,None,None,218
1215,'MY','Malaysia','マレーシア','2023-02-14 13:33:09.205560+09:00','2023-02-14 13:33:09.205560+09:00',None,None,None,None,219
1216,'IM','Isle of Man','マン島','2023-02-14 13:33:09.205560+09:00','2023-02-14 13:33:09.205560+09:00',None,None,None,None,220
1217,'FM','Micronesia, Federated States of','ミクロネシア連邦','2023-02-14 13:33:09.205560+09:00','2023-02-14 13:33:09.205560+09:00',None,None,None,None,221
1218,'ZA','South Africa','南アフリカ','2023-02-14 13:33:09.205560+09:00','2023-02-14 13:33:09.205560+09:00',None,None,None,None,222
1219,'SS','South Sudan','南スーダン','2023-02-14 13:33:09.205560+09:00','2023-02-14 13:33:09.205560+09:00',None,None,None,None,223
1220,'MM','Myanmar','ミャンマー','2023-02-14 13:33:09.205560+09:00','2023-02-14 13:33:09.205560+09:00',None,None,None,None,224
1221,'MX','Mexico','メキシコ','2023-02-14 13:33:09.205560+09:00','2023-02-14 13:33:09.205560+09:00',None,None,None,None,225
1222,'MU','Mauritius','モーリシャス','2023-02-14 13:33:09.205560+09:00','2023-02-14 13:33:09.205560+09:00',None,None,None,None,226
1223,'MR','Mauritania','モーリタニア','2023-02-14 13:33:09.205560+09:00','2023-02-14 13:33:09.205560+09:00',None,None,None,None,227
1224,'MZ','Mozambique','モザンビーク','2023-02-14 13:33:09.205560+09:00','2023-02-14 13:33:09.205560+09:00',None,None,None,None,228
1225,'MC','Monaco','モナコ','2023-02-14 13:33:09.205560+09:00','2023-02-14 13:33:09.205560+09:00',None,None,None,None,229
1226,'MV','Maldives','モルディブ','2023-02-14 13:33:09.205560+09:00','2023-02-14 13:33:09.205560+09:00',None,None,None,None,230
1227,'MD','Moldova, Republic of','モルドバ共和国','2023-02-14 13:33:09.205560+09:00','2023-02-14 13:33:09.205560+09:00',None,None,None,None,231
1228,'MA','Morocco','モロッコ','2023-02-14 13:33:09.205560+09:00','2023-02-14 13:33:09.205560+09:00',None,None,None,None,232
1229,'MN','Mongolia','モンゴル','2023-02-14 13:33:09.205560+09:00','2023-02-14 13:33:09.205560+09:00',None,None,None,None,233
1230,'ME','Montenegro','モンテネグロ','2023-02-14 13:33:09.205560+09:00','2023-02-14 13:33:09.205560+09:00',None,None,None,None,234
1231,'MS','Montserrat','モントセラト','2023-02-14 13:33:09.205560+09:00','2023-02-14 13:33:09.205560+09:00',None,None,None,None,235
1232,'JO','Jordan','ヨルダン','2023-02-14 13:33:09.205560+09:00','2023-02-14 13:33:09.205560+09:00',None,None,None,None,236
1233,'LA','Lao People's Democratic Republic','ラオス人民民主共和国','2023-02-14 13:33:09.205560+09:00','2023-02-14 13:33:09.205560+09:00',None,None,None,None,237
1234,'LV','Latvia','ラトビア','2023-02-14 13:33:09.205560+09:00','2023-02-14 13:33:09.205560+09:00',None,None,None,None,238
1235,'LT','Lithuania','リトアニア','2023-02-14 13:33:09.205560+09:00','2023-02-14 13:33:09.205560+09:00',None,None,None,None,239
1236,'LY','Libya','リビア','2023-02-14 13:33:09.205560+09:00','2023-02-14 13:33:09.205560+09:00',None,None,None,None,240
1237,'LI','Liechtenstein','リヒテンシュタイン','2023-02-14 13:33:09.205560+09:00','2023-02-14 13:33:09.205560+09:00',None,None,None,None,241
1238,'LR','Liberia','リベリア','2023-02-14 13:33:09.205560+09:00','2023-02-14 13:33:09.205560+09:00',None,None,None,None,242
1239,'RO','Romania','ルーマニア','2023-02-14 13:33:09.205560+09:00','2023-02-14 13:33:09.205560+09:00',None,None,None,None,243
1240,'LU','Luxembourg','ルクセンブルク','2023-02-14 13:33:09.205560+09:00','2023-02-14 13:33:09.205560+09:00',None,None,None,None,244
1241,'RW','Rwanda','ルワンダ','2023-02-14 13:33:09.205560+09:00','2023-02-14 13:33:09.205560+09:00',None,None,None,None,245
1242,'LS','Lesotho','レソト','2023-02-14 13:33:09.205560+09:00','2023-02-14 13:33:09.205560+09:00',None,None,None,None,246
1243,'LB','Lebanon','レバノン','2023-02-14 13:33:09.205560+09:00','2023-02-14 13:33:09.205560+09:00',None,None,None,None,247
1244,'RE','Réunion','レユニオン','2023-02-14 13:33:09.205560+09:00','2023-02-14 13:33:09.205560+09:00',None,None,None,None,248
1245,'RU','Russian Federation','ロシア連邦','2023-02-14 13:33:09.205560+09:00','2023-02-14 13:33:09.205560+09:00',None,None,None,None,249
